1,Four,female,75,John Deo
2,Three,male,85,Max Ruin
3,Three,male,55,Arnold
4,Four,female,60,Krish Star
5,Four,female,60,John Mike
6,Four,male,55,Alex John
7,Fifth,male,78,My John Rob
8,Five,male,85,Asruid
9,Six,male,78,Tes Qry
10,Four,female,55,Big John
11,Six,female,89,Ronald
12,Six,female,94,Recky
13,Seven,female,88,Kty
14,Seven,female,88,Bigy
15,Four,male,88,Tade Row
16,Four,male,88,Gimmy
17,Six,male,54,Tumyu
18,Five,male,75,Honny
19,Nine,male,18,Tinny
20,Nine,female,65,Jackly
21,Four,female,69,Babby John
22,Seven,female,55,Reggid
23,Eight,male,79,Herod
24,Seven,male,78,Tiddy Now
25,Seven,male,88,Giff Tow
26,Seven,male,79,Crelea
27,Three,female,81,Big Nose
28,Seven,female,86,Rojj Base
29,Seven,male,55,Tess Played
30,Six,female,79,Reppy Red
31,Four,male,88,Marry Toeey
32,Seven,female,90,Binn Rott
33,Six,female,96,Kenn Rein
34,Seven,male,69,Gain Toe
35,Six,female,88,Rows Noump
1,Four,female,75,John Deo
2,Three,male,85,Max Ruin
3,Three,male,55,Arnold
4,Four,female,60,Krish Star
5,Four,female,60,John Mike
6,Four,male,55,Alex John
7,Fifth,male,78,My John Rob
8,Five,male,85,Asruid
9,Six,male,78,Tes Qry
10,Four,female,55,Big John
11,Six,female,89,Ronald
12,Six,female,94,Recky
13,Seven,female,88,Kty
14,Seven,female,88,Bigy
15,Four,male,88,Tade Row
16,Four,male,88,Gimmy
17,Six,male,54,Tumyu
18,Five,male,75,Honny
19,Nine,male,18,Tinny
20,Nine,female,65,Jackly
21,Four,female,69,Babby John
22,Seven,female,55,Reggid
23,Eight,male,79,Herod
24,Seven,male,78,Tiddy Now
25,Seven,male,88,Giff Tow
26,Seven,male,79,Crelea
27,Three,female,81,Big Nose
28,Seven,female,86,Rojj Base
29,Seven,male,55,Tess Played
30,Six,female,79,Reppy Red
31,Four,male,88,Marry Toeey
32,Seven,female,90,Binn Rott
33,Six,female,96,Kenn Rein
34,Seven,male,69,Gain Toe
35,Six,female,88,Rows Noump
